model,oos_r2
GBR,0.18322553974559797
ElasticNet,0.18128368635768455
Lasso,0.14249405726125586
PLS_linear,0.06794783886530009
RBF+Lasso,-0.010751936661315131
RBF+ElasticNet,-0.010751936661315131
RBF+Ridge,-0.013623047738811067
PLS_RBF,-0.030660720857217605
Ridge,-0.2387552323453772
OLS,-0.2875831546448251
