model,oos_r2
ElasticNet,0.17872582101357526
GBR,0.16222567823509926
Lasso,0.14791240234603675
RBF+ElasticNet,0.015741323004129004
RBF+Lasso,0.015741323004129004
RBF+Ridge,0.015491072586934274
PLS_RBF,-0.0483168151724076
PLS_linear,-27.572714387919547
Ridge,-436.38388971389065
OLS,-1488.1989379586998
