,lsret,large_char,small_char
Factor_1,4.310835587264855e-17,-2.2518732548057008e-16,-1.0012876018255915e-16
Factor_2,7.170319636110503e-17,6.44239787385485e-18,-9.524746728439882e-17
Factor_3,1.2727821800186226e-16,-2.566453678323426e-16,0.0
Factor_4,5.818659989102694e-17,7.191985395280972e-17,9.15824221077151e-17
Factor_5,0.0,-4.037653340605741e-17,0.0
